Loan_Amount,Term,Interest_Rate,Employment_Years,Home_Ownership,Annual_Income,Verification_Status,Loan_Purpose,State,Debt_to_Income,Delinquent_2yr,Revolving_Cr_Util,Total_Accounts,Longest_Credit_Length
0,5000.0,36.0,10.65,10.0,2.0,24000.0,0.0,1.0,3.0,27.65,0.0,83.7,9.0,26.0
1,2500.0,60.0,15.27,0.5,2.0,30000.0,1.0,0.0,9.0,1.0,0.0,9.4,4.0,12.0
2,2400.0,36.0,15.96,10.0,2.0,12252.0,2.0,1.5060780671157767,11.0,8.72,0.0,98.5,10.0,10.0
3,10000.0,36.0,13.49,10.0,2.0,49200.0,1.0,1.836652759763533,4.0,20.0,0.0,21.0,37.0,15.0
4,5000.0,36.0,7.9,3.0,2.0,36000.0,1.0,1.7261395940359339,3.0,11.2,0.0,28.3,12.0,7.0
5,3000.0,36.0,18.64,9.0,2.0,48000.0,1.0,0.0,4.0,5.35,0.0,87.5,4.0,4.0
6,5600.0,60.0,21.28,4.0,1.0,40000.0,1.0,1.7237964968964608,4.0,5.55,0.0,32.6,13.0,7.0
7,5375.0,60.0,12.69,0.5,2.0,15000.0,0.0,1.7432629061334786,33.0,18.08,0.0,36.5,3.0,7.0
8,6500.0,60.0,14.65,5.0,1.0,72000.0,2.0,2.0,3.0,16.12,0.0,20.6,23.0,13.0
9,12000.0,36.0,12.69,10.0,1.0,75000.0,1.0,2.0,4.0,10.78,0.0,67.1,34.0,22.0
10,9000.0,36.0,13.49,0.5,2.0,30000.0,1.0,2.0,35.0,10.08,0.0,91.7,9.0,7.0
11,3000.0,36.0,9.91,3.0,2.0,15000.0,1.0,1.0,11.0,12.56,0.0,43.1,11.0,8.0
12,10000.0,36.0,10.65,3.0,2.0,100000.0,1.0,1.6371934725145987,4.0,7.06,0.0,55.5,29.0,20.0
13,1000.0,36.0,16.29,0.5,2.0,28000.0,2.0,2.0,19.0,20.31,0.0,81.5,23.0,4.0
14,10000.0,36.0,15.27,4.0,2.0,42000.0,2.0,3.0,4.0,18.6,0.0,70.2,28.0,13.0
15,3600.0,36.0,6.03,10.0,0.0,110000.0,2.0,1.6751365507238547,6.0,10.52,0.0,16.0,42.0,18.0
16,6000.0,36.0,11.71,1.0,0.0,84000.0,0.0,1.6497061723465218,34.0,18.44,2.0,37.73,14.0,8.0
17,9200.0,36.0,6.03,6.0,2.0,77385.19,2.0,2.0,4.0,9.86,0.0,23.1,28.0,10.0
18,21000.0,36.0,12.42,10.0,2.0,105000.0,0.0,2.0,8.0,13.22,0.0,90.3,38.0,28.0
19,10000.0,36.0,11.71,10.0,1.0,50000.0,1.0,1.0,33.0,11.18,0.0,82.4,21.0,26.0
20,10000.0,36.0,11.71,5.0,2.0,50000.0,2.0,2.0,4.0,16.01,0.0,91.8,17.0,8.0
21,6000.0,36.0,11.71,1.0,2.0,76000.0,2.0,1.6614398073826695,4.0,2.4,0.0,29.7,7.0,10.0
22,15000.0,36.0,9.91,2.0,0.0,92000.0,0.0,1.0,11.0,29.44,0.0,93.9,31.0,9.0
23,15000.0,36.0,14.27,9.0,2.0,60000.0,2.0,2.0,25.0,15.22,0.0,57.6,11.0,8.0
24,5000.0,60.0,16.77,2.0,2.0,50004.0,2.0,1.6422820847667332,29.0,13.97,3.0,59.5,22.0,8.0
25,4000.0,36.0,11.71,10.0,0.0,106000.0,2.0,2.0,8.0,5.63,1.0,37.7,44.0,27.0
26,8500.0,36.0,11.71,0.5,2.0,25000.0,1.0,1.0,18.0,12.19,0.0,59.1,12.0,5.0
27,4375.0,36.0,7.51,7.0,0.0,17108.0,1.0,2.0,25.0,20.34,0.0,86.9,12.0,24.0
28,31825.0,36.0,7.9,5.0,0.0,75000.0,0.0,2.0,22.0,14.03,0.0,27.4,26.0,30.0
29,5000.0,36.0,8.9,2.0,2.0,24044.0,0.0,2.0,28.0,11.93,0.0,29.3,16.0,6.0
30,7000.0,36.0,15.96,7.0,2.0,34000.0,1.0,1.0,4.0,6.35,0.0,60.5,6.0,4.0
31,12400.0,36.0,10.65,10.0,2.0,41000.0,2.0,1.0,13.0,11.8,0.0,57.2,12.0,6.0
32,10800.0,36.0,9.91,2.0,2.0,55596.0,1.0,1.82691146510538,4.0,5.5,0.0,13.3,18.0,11.0
33,15000.0,36.0,7.9,1.0,2.0,45000.0,0.0,2.0,26.0,8.48,0.0,50.4,27.0,7.0
34,6000.0,36.0,12.42,1.0,2.0,36852.0,1.0,2.0,3.0,10.62,0.0,66.5,12.0,4.0
35,9600.0,36.0,7.51,4.0,2.0,68004.0,1.0,1.7703574676872025,31.0,6.63,0.0,18.1,11.0,8.0
36,12000.0,36.0,7.9,10.0,2.0,62300.0,2.0,2.0,22.0,16.7,0.0,21.0,25.0,17.0
37,3000.0,36.0,18.25,9.0,0.0,65000.0,2.0,1.4613062839340578,29.0,17.39,0.0,98.1,22.0,13.0
38,4400.0,36.0,16.77,10.0,2.0,55000.0,2.0,2.0,30.0,20.01,0.0,99.0,11.0,7.0
39,6000.0,36.0,6.03,10.0,0.0,45600.0,2.0,2.0,14.0,5.34,0.0,32.5,28.0,16.0
40,14000.0,36.0,9.91,6.0,2.0,80000.0,2.0,1.8715588808858459,15.0,10.0,0.0,13.4,40.0,12.0
41,5000.0,36.0,8.9,10.0,0.0,100000.0,1.0,2.0,26.0,16.33,0.0,62.1,35.0,16.0
42,10000.0,36.0,10.65,6.0,2.0,27000.0,0.0,1.7352190326652348,25.0,11.47,0.0,52.3,10.0,5.0
43,10000.0,36.0,6.03,10.0,2.0,60000.0,2.0,1.0,6.0,12.74,0.0,19.5,18.0,19.0
44,11000.0,36.0,6.62,5.0,2.0,70000.0,2.0,2.0,6.0,10.85,0.0,36.4,7.0,9.0
45,15000.0,36.0,9.91,8.0,0.0,80000.0,2.0,2.0,11.0,9.12,0.0,63.7,28.0,19.0
46,25600.0,36.0,9.91,9.0,2.0,110000.0,0.0,1.0,4.0,15.71,0.0,62.0,27.0,12.0
47,7000.0,36.0,10.65,0.5,2.0,40000.0,2.0,2.0,4.0,7.38,0.0,92.9,12.0,7.0
48,12000.0,36.0,15.96,4.0,2.0,50000.0,2.0,0.0,4.0,20.88,0.0,90.8,11.0,5.0
49,12000.0,36.0,9.91,1.0,2.0,46000.0,2.0,1.0,33.0,8.11,0.0,52.1,12.0,11.0
50,21000.0,60.0,19.91,7.0,2.0,50000.0,0.0,2.0,37.0,21.58,0.0,97.6,14.0,13.0
51,16000.0,60.0,19.91,7.0,2.0,81000.0,0.0,1.0,15.0,20.52,0.0,75.1,21.0,13.0
52,10000.0,36.0,12.42,0.5,1.0,39000.0,2.0,2.0,28.0,18.58,0.0,72.7,10.0,7.0
53,10000.0,36.0,10.65,2.0,2.0,51400.0,2.0,1.0,33.0,19.14,0.0,59.1,24.0,11.0
54,7100.0,36.0,16.77,1.0,0.0,33000.0,0.0,2.0,33.0,24.0,0.0,91.2,8.0,4.0
55,17675.0,60.0,14.65,0.5,2.0,50000.0,1.0,2.0,38.0,16.46,0.0,57.4,14.0,9.0
56,8000.0,36.0,16.77,0.5,2.0,62000.0,2.0,2.0,35.0,21.64,0.0,66.9,20.0,5.0
57,10000.0,60.0,10.65,10.0,2.0,45996.0,0.0,2.0,26.0,21.73,0.0,30.1,15.0,14.0
58,3500.0,36.0,10.65,7.0,0.0,55000.0,2.0,2.0,26.0,5.39,0.0,45.9,12.0,6.0
59,12500.0,60.0,17.27,5.0,2.0,30000.0,1.0,2.0,18.0,13.16,0.0,70.8,28.0,16.0
60,16425.0,36.0,14.27,4.0,2.0,44544.0,1.0,2.0,4.0,22.71,0.0,83.4,18.0,9.0
61,8200.0,60.0,21.28,4.0,2.0,75000.0,1.0,1.582985991176082,4.0,12.48,0.0,73.9,11.0,11.0
62,15000.0,36.0,14.65,2.0,1.0,61000.0,0.0,1.0,8.0,11.88,0.0,79.5,18.0,7.0
63,20975.0,60.0,17.58,5.0,0.0,44000.0,0.0,1.0,9.0,18.79,0.0,79.4,21.0,11.0
64,6400.0,36.0,16.77,5.0,2.0,75000.0,2.0,2.0,4.0,20.22,0.0,67.5,27.0,17.0
65,3000.0,36.0,13.49,1.0,2.0,33600.0,2.0,2.0,1.0,18.11,0.0,83.2,7.0,6.0
66,12000.0,36.0,16.77,3.0,2.0,50000.0,2.0,1.0,15.0,20.57,0.0,97.0,19.0,6.0
67,14400.0,36.0,8.9,0.5,1.0,60836.32842971878,1.0,2.0,25.0,14.85,0.0,55.0,38.0,17.0
68,12000.0,36.0,14.65,10.0,2.0,90000.0,2.0,2.0,22.0,16.56,0.0,78.5,36.0,27.0
69,11000.0,36.0,13.49,10.0,0.0,48000.0,0.0,2.0,33.0,21.82,0.0,65.0,29.0,12.0
70,7250.0,60.0,21.67,0.5,2.0,75000.0,0.0,2.0,4.0,24.82,0.0,91.2,19.0,11.0
71,15000.0,36.0,7.9,1.0,0.0,52000.0,2.0,1.9349625610783012,33.0,9.65,0.0,6.7,29.0,8.0
72,18000.0,60.0,19.91,10.0,0.0,65000.0,2.0,2.0,8.0,6.81,0.0,77.8,40.0,22.0
73,35000.0,60.0,17.27,3.0,0.0,88090.3159172221,0.0,3.0,25.0,7.51,0.0,53.3,31.0,8.0
74,10000.0,36.0,14.27,2.0,2.0,68000.0,1.0,1.0,29.0,15.39,0.0,81.3,15.0,5.0
75,11800.0,36.0,12.69,6.0,2.0,42000.0,1.0,1.0,25.0,9.86,0.0,74.8,13.0,15.0
76,4500.0,36.0,6.03,4.0,2.0,53000.0,1.0,1.7396149678505295,4.0,4.44,0.0,13.9,17.0,11.0
77,7000.0,36.0,12.69,10.0,2.0,35000.0,1.0,1.0,4.0,11.35,0.0,82.3,26.0,11.0
78,9200.0,36.0,12.42,2.0,2.0,60000.0,1.0,2.0,4.0,19.96,0.0,78.7,19.0,9.0
79,4500.0,60.0,10.65,0.5,0.0,42000.0,1.0,0.0,33.0,5.4,0.0,78.3,9.0,28.0
80,12000.0,36.0,16.29,9.0,2.0,88365.0,0.0,2.0,3.0,16.85,0.0,96.4,15.0,15.0
81,12000.0,36.0,13.49,4.0,2.0,72000.0,1.0,2.0,4.0,21.33,0.0,27.6,19.0,8.0
82,12000.0,36.0,10.65,0.5,2.0,62000.0,0.0,1.0,33.0,23.94,0.0,78.4,51.0,9.0
83,7000.0,36.0,10.65,3.0,0.0,43680.0,2.0,1.0,18.0,5.38,0.0,78.1,11.0,11.0
84,8200.0,60.0,19.42,3.0,2.0,120000.0,1.0,2.0,25.0,2.8,0.0,88.4,6.0,4.0
85,10500.0,36.0,12.69,10.0,2.0,66000.0,0.0,1.711881104678638,4.0,20.73,1.0,51.2,26.0,13.0
86,7000.0,36.0,11.71,4.0,1.0,39120.0,2.0,2.0,8.0,21.01,0.0,52.4,26.0,15.0
87,20000.0,60.0,11.71,4.0,0.0,47800.0,0.0,2.0,35.0,10.04,0.0,46.3,27.0,10.0
88,17500.0,60.0,17.27,7.0,0.0,45000.0,2.0,1.0,37.0,21.31,0.0,86.1,26.0,9.0
89,3500.0,36.0,6.03,10.0,0.0,83000.0,0.0,0.0,11.0,2.31,0.0,13.4,28.0,25.0
90,6200.0,36.0,9.91,2.0,2.0,25000.0,2.0,2.0,4.0,20.64,0.0,47.7,12.0,13.0
91,6000.0,36.0,8.9,8.0,1.0,28800.0,2.0,2.0,22.0,13.17,0.0,36.8,13.0,6.0
92,7200.0,36.0,9.91,6.0,2.0,51306.03644968712,2.0,1.0,25.0,6.12,0.0,79.6,18.0,14.0
93,9500.0,36.0,8.9,7.0,0.0,50000.0,2.0,1.0,33.0,8.18,0.0,60.5,13.0,6.0
94,18825.0,60.0,16.77,10.0,2.0,38000.0,0.0,2.0,33.0,23.18,0.0,79.7,7.0,7.0
95,24000.0,36.0,10.65,10.0,2.0,45000.0,0.0,2.0,4.0,14.8,0.0,55.2,9.0,21.0
96,6000.0,36.0,13.49,10.0,2.0,80000.0,2.0,2.0,4.0,11.58,0.0,83.8,16.0,9.0
97,6000.0,36.0,13.49,5.0,2.0,50000.0,2.0,2.0,3.0,15.38,0.0,91.5,7.0,7.0
98,2100.0,36.0,12.42,10.0,0.0,30000.0,2.0,1.5533086874599318,14.0,19.72,0.0,82.9,26.0,16.0
99,5500.0,36.0,6.62,8.0,0.0,110000.0,0.0,1.6587957866046306,6.0,9.69,0.0,21.9,26.0,17.0
100,11000.0,36.0,6.62,8.0,1.0,45608.0,1.0,2.0,14.0,20.5,0.0,58.7,11.0,19.0
101,26800.0,60.0,20.89,3.0,0.0,120000.0,0.0,2.0,8.0,12.15,0.0,48.0,18.0,5.0
102,8000.0,36.0,12.69,5.0,0.0,35000.0,2.0,2.0,11.0,10.05,0.0,97.7,18.0,9.0
103,10000.0,36.0,18.25,1.0,2.0,75000.0,1.0,1.0,4.0,24.14,0.0,96.3,26.0,14.0
104,8000.0,36.0,11.71,9.0,0.0,35000.0,0.0,1.0,24.0,9.7,0.0,46.5,8.0,5.0
105,10000.0,36.0,8.9,6.0,2.0,24000.0,0.0,2.0,4.0,7.0,0.0,49.5,21.0,11.0
106,12000.0,36.0,11.71,2.0,0.0,126000.0,2.0,2.0,26.0,13.32,0.0,54.1,38.0,21.0
107,10000.0,36.0,7.9,1.0,2.0,43000.0,2.0,2.0,4.0,25.26,0.0,37.2,16.0,8.0
108,12000.0,36.0,9.91,1.0,2.0,50000.0,2.0,2.0,4.0,16.44,0.0,29.3,25.0,11.0
109,19750.0,36.0,10.65,4.0,2.0,45000.0,0.0,2.0,28.0,22.8,0.0,54.2,28.0,11.0
110,10000.0,36.0,9.91,3.0,2.0,31200.0,1.0,2.0,25.0,14.81,0.0,27.0,19.0,6.0
111,13650.0,36.0,12.42,4.0,2.0,66000.0,0.0,2.0,24.0,24.09,0.0,56.5,34.0,10.0
112,28000.0,60.0,19.91,10.0,2.0,52000.0,0.0,2.0,33.0,20.7,0.0,87.6,16.0,23.0
113,18000.0,36.0,7.9,10.0,2.0,56964.0,1.0,2.0,4.0,27.55,0.0,76.6,20.0,12.0
114,2500.0,36.0,14.27,7.0,2.0,49500.0,1.0,2.0,8.0,10.33,0.0,37.7,20.0,7.0
115,21000.0,60.0,20.3,10.0,2.0,70000.0,0.0,1.0,5.0,23.21,0.0,70.7,25.0,20.0
116,35000.0,36.0,8.9,6.0,0.0,125000.0,0.0,2.0,4.0,22.71,0.0,34.8,32.0,11.0
117,10000.0,36.0,7.51,3.0,2.0,33000.0,2.0,1.0,22.0,9.75,0.0,0.6,19.0,7.0
118,7000.0,36.0,12.69,0.5,2.0,30000.0,1.0,1.0,35.0,15.8,0.0,47.6,11.0,7.0
119,24000.0,36.0,15.96,8.0,0.0,90000.0,1.0,3.0,4.0,9.17,0.0,71.2,23.0,16.0
120,10625.0,36.0,7.51,5.0,0.0,23000.0,2.0,1.7997507403843538,28.0,18.89,0.0,43.4,21.0,6.0
121,5000.0,36.0,14.65,2.0,2.0,24000.0,1.0,2.0,29.0,18.3,0.0,33.3,9.0,6.0
122,8850.0,36.0,6.62,10.0,2.0,62000.0,1.0,1.0,16.0,17.71,0.0,35.9,19.0,13.0
123,6375.0,36.0,7.51,4.0,2.0,44000.0,1.0,2.0,9.0,4.8,0.0,58.0,11.0,11.0
124,6000.0,36.0,11.71,1.0,2.0,90000.0,2.0,1.0,22.0,2.97,1.0,56.6,23.0,4.0
125,11100.0,36.0,6.62,10.0,2.0,41000.0,0.0,1.0,29.0,29.85,0.0,62.3,18.0,20.0
126,10000.0,60.0,12.69,2.0,0.0,56000.0,1.0,2.0,4.0,10.82,0.0,31.2,18.0,11.0
127,6200.0,36.0,6.03,5.0,0.0,26500.0,2.0,1.8095795120248213,39.0,18.2,0.0,16.0,18.0,11.0
128,15000.0,36.0,18.64,1.0,2.0,54000.0,2.0,2.0,9.0,19.69,0.0,90.3,12.0,5.0
129,4200.0,36.0,11.71,2.0,2.0,53000.0,2.0,1.5541246396544701,16.0,16.91,0.0,79.7,22.0,9.0
130,14000.0,36.0,14.27,4.0,2.0,52800.0,2.0,2.0,4.0,7.36,0.0,70.8,14.0,6.0
131,8875.0,36.0,7.51,1.0,0.0,38000.0,2.0,2.0,9.0,23.53,0.0,62.1,27.0,18.0
132,13500.0,36.0,9.91,7.0,2.0,38000.0,0.0,2.0,4.0,12.38,0.0,67.3,7.0,14.0
133,12000.0,36.0,9.91,2.0,2.0,42000.0,2.0,2.0,18.0,7.83,0.0,65.4,16.0,5.0
134,16000.0,60.0,19.91,4.0,2.0,55000.0,0.0,2.0,37.0,15.8,0.0,72.4,19.0,7.0
135,21600.0,60.0,19.42,8.0,0.0,60000.0,1.0,2.0,9.0,16.74,1.0,78.1,21.0,21.0
136,6000.0,36.0,10.65,6.0,0.0,87000.0,2.0,3.0,22.0,12.86,2.0,40.5,22.0,11.0
137,20000.0,60.0,13.49,1.0,2.0,82000.0,2.0,1.0,26.0,17.68,0.0,61.4,23.0,16.0
138,10000.0,36.0,11.71,8.0,2.0,60000.0,2.0,2.0,4.0,22.08,0.0,29.3,26.0,10.0
139,12000.0,36.0,16.29,5.0,0.0,80000.0,0.0,1.0,9.0,18.18,0.0,97.2,11.0,9.0
140,13475.0,60.0,13.49,10.0,2.0,25000.0,0.0,1.0,4.0,21.89,0.0,65.8,14.0,10.0
141,7200.0,36.0,12.42,5.0,2.0,48000.0,2.0,1.5834343924376488,11.0,17.43,0.0,80.2,10.0,5.0
142,5600.0,36.0,14.65,1.0,0.0,85000.0,2.0,2.0,3.0,12.24,1.0,90.8,31.0,12.0
143,12000.0,36.0,14.27,0.5,2.0,57000.0,0.0,2.0,4.0,10.86,0.0,81.5,11.0,13.0
144,8500.0,36.0,6.03,2.0,2.0,25000.0,2.0,1.0,16.0,1.73,0.0,28.0,18.0,6.0
145,8000.0,36.0,9.91,2.0,2.0,34000.0,1.0,1.0,29.0,18.28,0.0,78.5,7.0,6.0
146,8000.0,36.0,12.42,10.0,2.0,40000.0,2.0,1.0,28.0,15.0,0.0,88.2,11.0,7.0
147,15000.0,36.0,17.27,2.0,0.0,44400.0,1.0,1.6554981250525465,8.0,3.59,1.0,91.6,16.0,28.0
148,10000.0,36.0,9.91,2.0,1.0,30000.0,2.0,2.0,36.0,11.24,0.0,66.8,30.0,16.0
149,10000.0,36.0,6.62,5.0,0.0,70000.0,2.0,1.0,25.0,16.78,0.0,69.0,18.0,17.0
150,8000.0,36.0,14.65,3.0,2.0,28000.0,2.0,0.0,4.0,12.6,0.0,54.3,11.0,5.0
151,22000.0,36.0,9.91,2.0,0.0,50000.0,0.0,2.0,17.0,13.22,0.0,49.8,32.0,13.0
152,6000.0,36.0,14.27,10.0,0.0,94800.0,0.0,0.0,33.0,24.53,0.0,95.9,30.0,25.0
153,2500.0,36.0,7.51,4.881177801788782,1.0,12000.0,1.0,2.0,4.0,16.3,0.0,42.2,20.0,17.0
154,13500.0,36.0,9.91,2.0,0.0,36000.0,1.0,1.0,7.0,22.93,0.0,67.2,15.0,31.0
155,25000.0,36.0,12.42,2.0,2.0,74861.0417064417,0.0,2.0,22.0,8.32,1.0,34.6,23.0,7.0
156,10000.0,36.0,13.49,2.0,2.0,45900.0,0.0,1.7280713653288662,4.0,24.97,0.0,48.3,12.0,7.0
157,2500.0,36.0,13.49,4.0,2.0,27200.0,2.0,2.0,37.0,6.44,0.0,68.1,6.0,3.0
158,7325.0,36.0,12.69,1.0,2.0,42000.0,2.0,2.0,8.0,22.57,0.0,65.0,29.0,15.0
159,4000.0,36.0,12.42,5.0,2.0,47071.41756582485,0.0,1.0,25.0,12.12,0.0,85.7,21.0,7.0
160,10000.0,36.0,13.49,5.0,2.0,65000.0,2.0,1.6304248560568135,4.0,6.92,1.0,69.5,17.0,12.0
161,7750.0,36.0,17.27,0.5,2.0,24000.0,2.0,2.0,11.0,16.1,0.0,67.1,7.0,7.0
162,20000.0,60.0,20.89,6.0,2.0,70000.0,1.0,2.0,8.0,16.63,0.0,79.9,24.0,9.0
163,9600.0,36.0,12.42,10.0,2.0,65000.0,0.0,2.0,25.0,11.65,0.0,70.9,11.0,9.0
164,21000.0,60.0,11.71,3.0,2.0,60000.0,2.0,2.0,4.0,6.62,0.0,79.9,11.0,21.0
165,14000.0,36.0,10.65,3.0,2.0,30000.0,1.0,1.0,6.0,15.52,0.0,65.6,14.0,5.0
166,13350.0,36.0,12.42,10.0,2.0,43000.0,2.0,2.0,4.0,20.57,0.0,95.3,15.0,12.0
167,15000.0,36.0,16.77,10.0,2.0,42000.0,0.0,2.0,38.0,19.63,0.0,74.9,38.0,10.0
168,15000.0,36.0,17.27,8.0,2.0,75000.0,1.0,2.0,4.0,16.03,0.0,75.9,17.0,20.0
169,35000.0,36.0,10.65,2.0,0.0,88095.05160077554,0.0,2.0,33.0,3.17,1.0,1.4,22.0,9.0
170,9000.0,36.0,10.65,9.0,0.0,74000.0,1.0,1.0,32.0,8.89,0.0,71.7,10.0,13.0
171,16000.0,36.0,12.69,1.0,2.0,58500.0,1.0,2.0,11.0,20.64,0.0,89.3,10.0,17.0
172,13500.0,36.0,12.69,5.0,2.0,71000.0,1.0,2.0,35.0,11.97,0.0,77.7,11.0,13.0
173,24000.0,36.0,12.69,10.0,2.0,75000.0,0.0,2.0,37.0,11.6,0.0,84.6,33.0,15.0
174,12000.0,36.0,10.65,5.0,2.0,60000.0,2.0,1.0,4.0,10.84,0.0,48.8,18.0,9.0
175,28000.0,60.0,17.58,5.0,0.0,78831.66012965527,0.0,3.0,21.0,12.07,0.0,13.4,24.0,5.0
176,14000.0,36.0,6.62,10.0,2.0,66000.0,1.0,2.0,35.0,11.15,0.0,35.4,46.0,12.0
177,12000.0,36.0,14.27,8.0,0.0,70000.0,2.0,1.5969767874687268,25.0,8.4,0.0,86.2,12.0,6.0
178,25000.0,36.0,11.71,10.0,0.0,100000.0,0.0,2.0,30.0,6.88,0.0,89.1,18.0,25.0
179,9000.0,36.0,12.69,5.0,2.0,50000.0,1.0,2.0,25.0,17.81,0.0,55.4,21.0,10.0
180,13250.0,36.0,10.65,4.0,2.0,35000.0,2.0,2.0,26.0,24.93,0.0,58.7,25.0,9.0
181,20000.0,36.0,13.49,6.0,2.0,75000.0,0.0,2.0,4.0,22.38,0.0,90.8,17.0,13.0
182,3000.0,36.0,14.65,5.0,2.0,71000.0,0.0,1.4745688889620832,38.0,21.84,0.0,88.7,14.0,8.0
183,7350.0,36.0,10.65,10.0,0.0,48000.0,2.0,2.0,2.0,11.93,0.0,77.5,5.0,5.0
184,11500.0,36.0,15.27,5.0,2.0,36000.0,2.0,2.0,8.0,21.1,0.0,76.7,14.0,13.0
185,13650.0,36.0,12.42,10.0,0.0,86000.0,2.0,2.0,4.0,12.29,0.0,73.4,34.0,17.0
186,10500.0,36.0,16.29,3.0,2.0,30000.0,1.0,2.0,4.0,15.0,0.0,55.5,8.0,4.0
187,12000.0,36.0,9.91,2.0,2.0,60000.0,2.0,2.0,4.0,15.5,0.0,85.7,21.0,8.0
188,6000.0,36.0,8.9,3.0,2.0,34000.0,2.0,1.0,26.0,14.51,0.0,64.8,16.0,7.0
189,11500.0,36.0,15.27,10.0,0.0,44200.0,0.0,1.0,4.0,21.69,0.0,90.0,11.0,7.0
190,7000.0,36.0,12.42,7.0,0.0,82000.0,2.0,2.0,16.0,12.0,0.0,71.6,31.0,9.0
191,2000.0,36.0,15.27,2.0,2.0,41000.0,0.0,1.4757269483208693,33.0,17.74,0.0,96.4,11.0,7.0
192,11625.0,36.0,13.49,0.5,0.0,36000.0,1.0,1.0,12.0,19.33,0.0,84.7,31.0,18.0
193,15075.0,36.0,14.27,10.0,2.0,35000.0,0.0,2.0,33.0,20.16,0.0,89.6,14.0,11.0
194,5300.0,36.0,15.27,1.0,2.0,30000.0,0.0,1.0,6.0,24.88,0.0,82.7,13.0,6.0
195,8200.0,36.0,6.62,0.5,2.0,40000.0,1.0,3.0,29.0,11.1,0.0,25.5,11.0,11.0
196,12000.0,36.0,12.42,9.0,0.0,105000.0,2.0,1.0,33.0,13.98,0.0,75.0,25.0,20.0
197,8650.0,36.0,14.27,4.0,0.0,45000.0,1.0,1.0,8.0,7.6,0.0,58.9,23.0,6.0
198,12000.0,36.0,12.42,2.0,2.0,83000.0,2.0,2.0,4.0,11.81,0.0,51.1,61.0,10.0
199,9500.0,36.0,12.69,0.5,0.0,52500.0,1.0,1.6756118066794816,4.0,23.54,0.0,75.3,42.0,12.0
200,7400.0,36.0,13.49,0.5,1.0,25000.0,1.0,2.0,3.0,8.45,0.0,92.8,13.0,21.0
201,14400.0,36.0,13.49,10.0,0.0,60000.0,2.0,2.0,8.0,16.92,0.0,65.0,26.0,15.0
202,24250.0,60.0,20.024968875069156,7.0,0.0,120000.0,0.0,2.0,3.0,12.96,0.0,99.0,20.0,11.0
203,7200.0,36.0,7.9,3.0,2.0,68000.0,1.0,2.0,9.0,7.98,0.0,82.9,14.0,9.0
204,26000.0,60.0,16.77,10.0,0.0,53000.0,0.0,3.0,21.0,11.77,0.0,72.7,14.0,13.0
205,7000.0,60.0,11.71,6.0,0.0,69600.0,0.0,1.0,37.0,26.22,0.0,90.9,23.0,32.0
206,4000.0,36.0,7.51,0.5,2.0,65000.0,1.0,1.6247051670166843,4.0,18.17,0.0,50.7,24.0,9.0
207,1500.0,36.0,17.27,10.0,0.0,43762.464969050874,0.0,2.0,4.0,8.23,1.0,97.8,14.0,15.0
208,19600.0,36.0,12.42,2.0,2.0,75000.0,0.0,1.0,25.0,11.62,0.0,50.1,12.0,5.0
209,2500.0,36.0,11.71,7.0,0.0,29000.0,0.0,2.0,3.0,18.7,0.0,66.7,13.0,6.0
210,10000.0,36.0,12.69,2.0,2.0,70000.0,2.0,1.0,4.0,2.69,0.0,70.2,6.0,11.0
211,10000.0,36.0,6.62,5.0,2.0,45000.0,2.0,1.0,26.0,26.85,0.0,70.4,40.0,30.0
212,4225.0,36.0,12.42,5.0,0.0,55200.0,2.0,1.5551511268798832,37.0,17.61,0.0,73.7,12.0,9.0
213,3500.0,36.0,7.9,7.0,0.0,61440.0,2.0,1.5907783519258314,4.0,6.46,1.0,55.5,19.0,14.0
214,12000.0,36.0,6.62,10.0,0.0,56000.0,2.0,2.0,8.0,13.65,0.0,80.3,21.0,11.0
215,16500.0,36.0,8.9,0.5,2.0,47000.0,1.0,2.0,11.0,9.06,0.0,38.8,24.0,10.0
216,22000.0,60.0,21.67,0.5,2.0,55000.0,0.0,2.0,37.0,15.62,0.0,79.4,27.0,10.0
217,12000.0,36.0,14.65,1.0,2.0,71000.0,0.0,1.0,12.0,14.87,0.0,71.0,38.0,12.0
218,10800.0,36.0,12.42,8.0,2.0,56069.777347838986,0.0,1.0,4.0,12.12,0.0,74.5,23.0,9.0
219,14000.0,36.0,12.42,10.0,0.0,63000.0,2.0,1.0,9.0,7.35,0.0,97.8,19.0,18.0
220,6000.0,36.0,13.49,5.0,0.0,50000.0,2.0,2.0,23.0,15.58,0.0,83.6,14.0,8.0
221,12000.0,36.0,9.91,5.0,2.0,80000.0,2.0,2.0,33.0,14.83,0.0,67.7,21.0,11.0
222,10000.0,36.0,12.42,4.0,2.0,45000.0,2.0,2.0,37.0,10.45,0.0,51.6,19.0,6.0
223,8000.0,36.0,7.9,2.0,2.0,78000.0,2.0,1.6517619454173034,25.0,6.09,0.0,55.9,31.0,5.0
224,14125.0,36.0,9.91,1.0,2.0,33000.0,0.0,2.0,28.0,23.13,0.0,66.0,20.0,14.0
225,14000.0,36.0,12.69,5.0,2.0,62800.0,2.0,2.0,37.0,19.24,0.0,64.5,18.0,17.0
226,13200.0,60.0,17.27,3.0,2.0,26400.0,1.0,1.8023222244486239,33.0,9.64,0.0,50.1,12.0,5.0
227,4000.0,36.0,19.03,10.0,0.0,80000.0,2.0,1.733499273145612,21.0,20.59,1.0,22.6,56.0,14.0
228,4000.0,36.0,12.69,2.0,2.0,25000.0,2.0,2.0,5.0,6.86,0.0,79.7,13.0,6.0
229,10500.0,36.0,6.03,10.0,0.0,65000.0,1.0,2.0,33.0,10.36,0.0,18.7,16.0,30.0
230,5500.0,36.0,7.9,10.0,1.0,59000.0,1.0,0.0,29.0,6.65,0.0,43.3,23.0,20.0
231,7350.0,36.0,11.71,1.0,2.0,33000.0,0.0,2.0,4.0,22.51,0.0,77.9,23.0,13.0
232,10000.0,36.0,12.42,10.0,2.0,39000.0,1.0,1.0,19.0,18.31,0.0,90.6,19.0,13.0
233,12000.0,36.0,7.51,10.0,2.0,42000.0,2.0,2.0,26.0,10.74,0.0,43.0,17.0,17.0
234,8000.0,60.0,11.71,3.0,1.0,31000.0,1.0,1.8020725719049469,28.0,16.22,0.0,34.4,29.0,5.0
235,4500.0,36.0,8.9,10.0,0.0,50700.0,0.0,1.725907247214166,21.0,23.43,0.0,24.4,20.0,15.0
236,18000.0,36.0,12.42,1.0,1.0,75000.0,0.0,1.0,14.0,12.51,0.0,66.1,27.0,20.0
237,12000.0,36.0,13.49,6.0,2.0,40000.0,2.0,2.0,9.0,15.72,0.0,80.5,13.0,12.0
238,10000.0,36.0,13.49,10.0,0.0,50000.0,2.0,1.0,4.0,5.88,1.0,47.6,15.0,13.0
239,6000.0,36.0,7.9,7.0,0.0,80000.0,2.0,1.6919344205311424,38.0,8.87,0.0,30.3,29.0,18.0
240,12000.0,36.0,12.69,4.0,2.0,40000.0,2.0,2.0,16.0,22.2,0.0,55.5,23.0,13.0
241,12000.0,36.0,8.9,7.0,2.0,80000.0,2.0,1.595527672088266,4.0,9.13,0.0,83.5,16.0,8.0
242,7000.0,36.0,11.71,2.0,2.0,75000.0,1.0,2.0,4.0,15.57,0.0,94.1,17.0,10.0
243,35000.0,60.0,18.64,8.0,0.0,85000.0,0.0,2.0,11.0,12.0,0.0,53.0,50.0,16.0
244,1400.0,36.0,7.9,1.0,2.0,28800.0,2.0,1.7340883865219408,8.0,10.0,0.0,9.9,7.0,8.0
245,16000.0,60.0,13.49,10.0,2.0,35000.0,0.0,1.8070480933708142,21.0,16.22,0.0,58.5,14.0,9.0
246,3200.0,36.0,9.91,9.0,2.0,61200.0,2.0,2.0,4.0,2.16,0.0,33.3,17.0,12.0
247,8000.0,36.0,7.9,1.0,2.0,40000.0,2.0,1.740995990683917,4.0,13.35,0.0,34.4,11.0,15.0
248,11875.0,60.0,12.69,0.5,2.0,25920.0,1.0,2.0,4.0,23.75,0.0,94.1,28.0,10.0
249,5000.0,36.0,6.03,9.0,0.0,54000.0,2.0,3.0,22.0,3.82,0.0,4.0,14.0,13.0
250,1800.0,36.0,6.62,10.0,2.0,18000.0,2.0,1.6804107107282715,17.0,23.8,0.0,39.8,12.0,10.0
251,35000.0,36.0,8.9,5.0,2.0,85000.0,0.0,2.0,11.0,17.73,0.0,61.5,13.0,10.0
252,18000.0,36.0,8.9,5.0,2.0,78000.0,0.0,1.0,25.0,7.0,0.0,66.3,10.0,13.0
253,14000.0,36.0,7.9,10.0,1.0,45600.0,2.0,2.0,39.0,19.74,0.0,63.9,10.0,19.0
254,5000.0,36.0,12.42,2.0,2.0,70000.0,2.0,2.0,33.0,20.06,0.0,54.2,26.0,7.0
255,8000.0,36.0,15.96,4.0,2.0,70000.0,1.0,1.0,11.0,14.04,0.0,91.9,30.0,11.0
256,10000.0,36.0,6.03,9.0,0.0,80000.0,2.0,2.0,15.0,12.99,0.0,45.2,17.0,24.0
257,10000.0,36.0,7.51,5.0,2.0,50000.0,0.0,2.0,22.0,4.63,0.0,25.7,25.0,5.0
258,12000.0,36.0,12.42,10.0,0.0,35000.0,0.0,2.0,5.0,18.51,0.0,75.7,13.0,13.0
259,23200.0,36.0,7.9,3.0,0.0,65000.0,0.0,2.0,17.0,27.99,0.0,47.0,34.0,10.0
260,4800.0,36.0,15.27,10.0,0.0,75000.0,2.0,2.0,39.0,9.3,0.0,73.7,18.0,8.0
261,7300.0,36.0,11.71,6.0,2.0,35000.0,2.0,2.0,35.0,16.42,0.0,44.6,17.0,9.0
262,10400.0,36.0,9.91,6.0,2.0,40000.0,1.0,2.0,8.0,11.67,0.0,80.6,19.0,12.0
263,6600.0,36.0,9.91,1.0,0.0,100000.0,2.0,1.685187047372832,8.0,15.53,0.0,27.8,30.0,9.0
264,12000.0,36.0,8.9,7.0,1.0,40000.0,2.0,2.0,22.0,9.45,0.0,37.4,20.0,9.0
265,13250.0,36.0,17.27,10.0,2.0,52000.0,0.0,2.0,25.0,23.7,0.0,91.5,18.0,13.0
266,12000.0,36.0,11.71,3.0,2.0,92500.0,1.0,2.0,4.0,15.97,0.0,56.2,21.0,5.0
267,25000.0,36.0,9.91,9.0,2.0,61000.0,1.0,2.0,4.0,10.35,0.0,49.4,10.0,15.0
268,6000.0,36.0,10.65,10.0,2.0,36000.0,2.0,1.6723972263228923,10.0,14.43,0.0,48.5,9.0,14.0
269,12000.0,36.0,7.51,10.0,0.0,68000.0,2.0,1.0,4.0,7.08,0.0,55.6,34.0,20.0
270,14400.0,36.0,11.71,1.0,2.0,80000.0,2.0,1.0,4.0,16.35,0.0,48.4,16.0,16.0
271,10000.0,36.0,12.42,10.0,2.0,43000.0,2.0,1.0,25.0,11.58,0.0,65.5,33.0,11.0
272,8000.0,36.0,11.71,1.0,2.0,52365.74362857305,2.0,1.0,25.0,2.48,1.0,56.2,8.0,15.0
273,8000.0,36.0,16.29,5.0,2.0,50000.0,2.0,1.0,24.0,13.22,0.0,72.9,12.0,6.0
274,30000.0,60.0,12.42,3.0,2.0,70000.0,1.0,2.1106441221077428,33.0,0.94,0.0,3.2,14.0,5.0
275,18000.0,60.0,16.77,6.0,1.0,40000.0,2.0,3.0,4.0,18.42,0.0,73.4,20.0,11.0
276,13250.0,36.0,11.71,2.0,1.0,35000.0,2.0,1.0,29.0,22.35,0.0,67.2,21.0,7.0
277,14000.0,36.0,14.27,6.0,2.0,80000.0,2.0,2.0,4.0,16.21,0.0,96.2,11.0,9.0
278,20000.0,60.0,20.3,10.0,1.0,59000.0,0.0,2.0,0.0,20.91,0.0,83.1,32.0,11.0
279,10000.0,36.0,16.29,10.0,2.0,40000.0,0.0,1.0,25.0,24.39,0.0,96.4,18.0,10.0
280,4000.0,36.0,6.03,1.0,2.0,55000.0,2.0,2.0,28.0,7.05,0.0,43.8,18.0,10.0
281,13000.0,36.0,9.91,6.0,2.0,110000.0,2.0,2.0,4.0,8.38,0.0,81.3,14.0,10.0
282,28000.0,36.0,12.69,5.0,2.0,100000.0,1.0,1.0,38.0,12.35,0.0,67.5,15.0,11.0
283,10000.0,36.0,13.49,3.0,2.0,62000.0,2.0,2.0,15.0,11.52,0.0,79.1,20.0,11.0
284,20000.0,36.0,7.9,0.5,2.0,45000.0,0.0,2.0,9.0,9.25,0.0,74.9,10.0,30.0
285,18000.0,36.0,9.91,5.0,2.0,110000.0,0.0,2.0,8.0,10.0,0.0,62.5,22.0,11.0
286,9000.0,60.0,19.91,3.0,2.0,60000.0,0.0,1.0,4.0,22.56,0.0,91.1,30.0,14.0
287,10000.0,36.0,11.71,3.0,2.0,33000.0,2.0,1.613261566267389,25.0,8.69,0.0,88.3,9.0,11.0
288,4200.0,36.0,6.03,3.0,2.0,61000.0,2.0,1.0,22.0,8.92,0.0,12.9,16.0,8.0
289,20000.0,60.0,15.27,10.0,1.0,78216.0,0.0,2.0,4.0,10.79,0.0,80.3,21.0,16.0
290,24000.0,36.0,16.29,2.0,2.0,50964.0,0.0,2.0,9.0,8.83,1.0,69.4,13.0,8.0
291,4475.0,36.0,15.27,3.0,2.0,43680.0,2.0,1.0,5.0,18.79,0.0,33.5,29.0,11.0
292,12000.0,36.0,12.42,5.0,2.0,50700.0,1.0,1.0,22.0,22.49,0.0,80.8,18.0,8.0
293,5000.0,36.0,12.42,2.0,2.0,30000.0,1.0,2.0,31.0,23.84,0.0,89.7,40.0,10.0
294,3000.0,36.0,6.03,5.0,2.0,50000.0,2.0,1.6776608024193231,35.0,5.5,0.0,29.4,15.0,8.0
295,12000.0,36.0,9.91,10.0,2.0,55000.0,2.0,2.0,30.0,13.0,0.0,75.5,17.0,13.0
296,20000.0,36.0,15.27,10.0,0.0,50000.0,0.0,1.83357407926909,15.0,4.34,0.0,52.7,12.0,9.0
297,10000.0,36.0,13.49,3.0,2.0,84000.0,0.0,2.0,4.0,13.87,0.0,68.7,10.0,4.0
298,15000.0,36.0,12.42,6.0,1.0,61628.71784462713,0.0,2.0,9.0,17.85,0.0,74.9,41.0,21.0
299,12000.0,36.0,7.9,0.5,0.0,62000.0,1.0,2.0,16.0,8.71,0.0,57.7,15.0,9.0
300,6300.0,36.0,11.71,2.0,2.0,30000.0,2.0,1.0,25.0,7.2,0.0,84.3,11.0,20.0
301,35000.0,60.0,17.27,8.0,0.0,88099.2505522864,1.0,2.0,16.0,7.94,0.0,23.5,79.0,18.0
302,8250.0,60.0,15.96,2.0,0.0,35004.0,0.0,3.0,25.0,15.6,2.0,7.7,21.0,8.0
303,10000.0,36.0,11.71,5.0,2.0,32000.0,2.0,1.0,8.0,21.83,0.0,59.6,23.0,10.0
304,24000.0,36.0,8.9,10.0,0.0,116400.0,0.0,0.0,8.0,3.94,0.0,8.1,31.0,19.0
305,14400.0,36.0,12.69,9.0,0.0,40000.0,2.0,2.0,11.0,20.16,0.0,79.5,13.0,8.0
306,6000.0,36.0,14.65,7.0,2.0,34000.0,2.0,1.0,16.0,21.39,0.0,88.5,13.0,9.0
307,22000.0,36.0,15.96,5.0,0.0,73000.0,0.0,2.0,11.0,22.47,0.0,85.1,32.0,16.0
308,12000.0,36.0,11.71,10.0,2.0,57200.0,1.0,2.0,15.0,16.36,0.0,68.5,17.0,11.0
309,16000.0,36.0,16.77,0.5,0.0,114000.0,1.0,2.0,19.0,17.2,0.0,64.2,34.0,13.0
310,10000.0,36.0,10.65,10.0,0.0,90000.0,2.0,2.0,25.0,11.16,0.0,59.4,22.0,11.0
311,10000.0,36.0,12.69,2.0,2.0,35000.0,1.0,2.0,13.0,12.03,0.0,84.6,15.0,11.0
312,3500.0,36.0,13.49,7.0,2.0,56000.0,2.0,2.0,8.0,10.35,0.0,54.2,37.0,22.0
313,9600.0,36.0,9.91,5.0,2.0,35000.0,2.0,2.0,21.0,16.49,0.0,79.0,16.0,15.0
314,9875.0,36.0,7.9,10.0,0.0,40000.0,1.0,2.0,25.0,24.03,0.0,63.7,16.0,9.0
315,21500.0,60.0,17.58,2.0,1.0,59000.0,0.0,2.0,19.0,22.86,0.0,81.8,16.0,21.0
316,4800.0,36.0,7.9,6.0,2.0,48000.0,1.0,2.0,8.0,13.0,0.0,26.0,13.0,5.0
317,7800.0,36.0,6.03,10.0,1.0,85000.0,2.0,1.7489995049590126,24.0,0.78,0.0,6.2,12.0,17.0
318,20000.0,36.0,14.27,10.0,0.0,70000.0,0.0,1.0,33.0,6.21,0.0,89.0,14.0,10.0
319,9750.0,36.0,7.51,4.0,2.0,35000.0,2.0,2.0,10.0,29.04,0.0,51.7,19.0,15.0
320,18000.0,60.0,15.96,6.0,0.0,91000.0,0.0,1.0,35.0,23.41,0.0,67.0,38.0,27.0
321,5000.0,36.0,6.03,9.0,0.0,30000.0,2.0,1.7507903356415095,4.0,16.48,0.0,25.6,16.0,11.0
322,9000.0,36.0,14.65,4.0,2.0,45000.0,1.0,2.0,25.0,17.01,1.0,50.0,51.0,16.0
323,7200.0,36.0,7.9,1.0,2.0,55000.0,2.0,2.0,8.0,11.98,0.0,46.1,14.0,5.0
324,25000.0,60.0,19.42,10.0,2.0,60000.0,0.0,1.0,4.0,20.04,0.0,94.9,24.0,11.0
325,25000.0,36.0,15.27,8.0,1.0,82000.0,0.0,2.0,4.0,18.5,0.0,70.6,23.0,9.0
326,10000.0,36.0,15.96,10.0,2.0,53000.0,0.0,2.0,4.0,13.09,0.0,77.2,19.0,12.0
327,8875.0,36.0,12.69,5.0,0.0,35360.0,0.0,2.0,29.0,23.11,0.0,71.1,13.0,6.0
328,15550.0,36.0,11.71,10.0,2.0,54000.0,0.0,2.0,8.0,23.36,0.0,89.8,16.0,13.0
329,7500.0,36.0,12.69,5.0,2.0,65000.0,2.0,1.0,4.0,4.41,0.0,35.5,22.0,4.0
330,8875.0,36.0,8.9,6.0,1.0,28800.0,2.0,2.0,4.0,24.29,0.0,69.5,23.0,13.0
331,4500.0,36.0,17.27,1.0,2.0,42000.0,2.0,1.0,26.0,4.34,0.0,68.5,3.0,3.0
332,5800.0,36.0,12.42,3.0,2.0,36000.0,2.0,2.0,33.0,21.67,0.0,66.9,20.0,11.0
333,10000.0,36.0,11.71,2.0,2.0,40000.0,2.0,2.0,22.0,22.26,0.0,47.4,17.0,13.0
334,10000.0,36.0,9.91,4.0,2.0,50000.0,2.0,1.0,9.0,19.06,0.0,88.6,28.0,17.0
335,14000.0,36.0,11.71,1.0,2.0,52000.0,2.0,1.0,4.0,12.97,0.0,57.9,8.0,6.0
336,12000.0,36.0,8.9,3.0,2.0,32000.0,1.0,2.0,28.0,6.75,0.0,59.2,12.0,6.0
337,24000.0,36.0,7.9,6.0,1.0,75000.0,0.0,2.0,8.0,10.58,0.0,45.0,22.0,25.0
338,14000.0,36.0,14.27,0.5,2.0,80000.0,2.0,1.0,25.0,3.3,0.0,59.0,14.0,6.0
339,12000.0,36.0,8.9,7.0,0.0,40246.0,0.0,1.0,3.0,17.08,0.0,72.2,24.0,12.0
340,15000.0,60.0,12.69,3.0,1.0,30000.0,0.0,2.0,22.0,24.76,0.0,65.7,17.0,7.0
341,8050.0,36.0,12.69,1.0,2.0,36000.0,1.0,2.0,37.0,14.8,0.0,81.3,7.0,4.0
342,5600.0,36.0,10.65,6.0,2.0,60000.0,2.0,2.0,4.0,16.36,1.0,12.4,25.0,12.0
343,7500.0,36.0,9.91,3.0,2.0,31200.0,2.0,1.0,4.0,12.35,0.0,57.3,18.0,6.0
344,7000.0,36.0,11.71,10.0,2.0,90000.0,0.0,1.0,16.0,12.19,0.0,93.8,25.0,13.0
345,5400.0,36.0,7.9,4.0,2.0,40000.0,2.0,2.0,19.0,10.89,0.0,77.0,15.0,18.0
346,16000.0,36.0,12.42,1.0,2.0,90000.0,0.0,1.0,29.0,13.67,0.0,65.2,19.0,9.0
347,35000.0,60.0,12.42,9.0,0.0,105000.0,0.0,3.0,33.0,16.53,0.0,25.0,38.0,21.0
348,6000.0,60.0,7.9,0.5,2.0,30084.0,0.0,2.0,13.0,1.68,0.0,10.0,15.0,17.0
349,9800.0,36.0,16.29,4.0,2.0,67000.0,2.0,1.0,4.0,21.01,0.0,44.9,18.0,19.0
350,5000.0,36.0,6.62,1.0,2.0,48397.629903841036,1.0,2.0,8.0,1.82,0.0,56.0,18.0,7.0
351,9900.0,36.0,11.71,6.0,2.0,26400.0,0.0,2.0,26.0,14.09,0.0,88.9,11.0,17.0
352,4000.0,36.0,11.71,4.296125112236023,2.0,24000.0,1.0,3.0,8.0,7.5,1.0,54.9,6.0,6.0
353,15000.0,36.0,11.71,3.0,0.0,68400.0,1.0,2.0,8.0,5.7,0.0,82.2,9.0,11.0
354,6250.0,36.0,15.96,1.0,2.0,29120.0,2.0,2.0,38.0,20.85,0.0,88.8,12.0,12.0
355,6400.0,36.0,16.29,0.5,2.0,29120.0,2.0,2.0,38.0,17.97,0.0,94.6,14.0,10.0
356,12000.0,36.0,15.27,4.0,0.0,54000.0,2.0,2.0,22.0,17.07,0.0,61.0,34.0,20.0
357,15000.0,36.0,8.9,5.0,0.0,30000.0,0.0,2.0,2.0,6.48,0.0,25.2,10.0,11.0
358,6500.0,36.0,14.27,4.0,0.0,30000.0,2.0,1.0,37.0,10.12,0.0,81.5,9.0,8.0
359,8000.0,36.0,15.96,10.0,2.0,50000.0,2.0,1.0,6.0,16.34,1.0,81.2,18.0,12.0
360,15000.0,36.0,14.65,10.0,0.0,100500.0,1.0,1.0,22.0,14.56,0.0,74.3,14.0,9.0
361,10200.0,36.0,14.27,3.0,2.0,40000.0,2.0,2.0,4.0,16.53,0.0,80.6,10.0,4.0
362,9000.0,36.0,12.42,5.0,0.0,47000.0,2.0,1.0,8.0,19.1,0.0,47.2,17.0,17.0
363,6500.0,36.0,16.29,3.0,0.0,68000.0,2.0,2.0,8.0,21.85,0.0,92.4,17.0,15.0
364,23000.0,60.0,21.28,8.0,0.0,95000.0,0.0,2.0,17.0,8.94,0.0,99.3,35.0,10.0
365,2000.0,36.0,7.9,4.0,2.0,39600.0,2.0,1.0,4.0,5.09,0.0,79.2,13.0,13.0
366,8000.0,36.0,13.49,3.0,1.0,30000.0,0.0,2.0,4.0,14.48,0.0,44.1,21.0,9.0
367,8875.0,36.0,7.51,1.0,2.0,30000.0,0.0,2.0,13.0,28.4,0.0,83.7,27.0,28.0
368,1500.0,36.0,18.64,0.5,2.0,17000.0,1.0,1.4928985962863461,26.0,4.59,0.0,99.8,15.0,4.0
369,8000.0,36.0,12.42,3.0,2.0,42000.0,2.0,2.0,29.0,20.26,0.0,85.4,11.0,9.0
370,20000.0,60.0,14.65,10.0,2.0,75000.0,0.0,2.0,4.0,16.51,0.0,74.9,16.0,16.0
371,6500.0,36.0,11.71,4.0,2.0,42000.0,2.0,1.0,15.0,6.26,0.0,63.8,11.0,4.0
372,9600.0,36.0,13.49,3.0,0.0,27000.0,1.0,2.0,25.0,10.22,0.0,84.9,27.0,10.0
373,10000.0,36.0,7.9,5.0,0.0,46000.0,2.0,3.0,37.0,10.46,0.0,50.1,17.0,10.0
374,15000.0,36.0,12.42,10.0,0.0,80000.0,0.0,2.0,21.0,5.61,0.0,53.7,17.0,11.0
375,9000.0,36.0,6.62,3.0,0.0,45000.0,2.0,2.0,4.0,22.05,0.0,44.0,17.0,14.0
376,10000.0,36.0,7.9,2.0,2.0,72500.0,0.0,1.0,25.0,27.92,0.0,69.1,23.0,11.0
377,1000.0,36.0,14.65,5.086784825730305,2.0,18408.0,2.0,1.5165482651581321,22.0,6.0,0.0,83.7,8.0,18.0
378,14000.0,36.0,7.9,2.0,2.0,30000.0,1.0,2.0,33.0,15.2,0.0,62.3,28.0,11.0
379,8500.0,36.0,14.27,9.0,2.0,50000.0,1.0,2.0,29.0,8.5,0.0,61.5,27.0,7.0
380,4500.0,36.0,15.96,5.0,0.0,65000.0,2.0,1.5665564179553324,25.0,14.66,0.0,76.6,34.0,9.0
381,3000.0,36.0,7.51,10.0,0.0,65000.0,2.0,1.5920469644930713,33.0,27.91,0.0,56.0,19.0,13.0
382,10000.0,36.0,9.91,4.0,0.0,120000.0,1.0,3.0,22.0,7.98,0.0,68.1,35.0,14.0
383,33425.0,60.0,13.49,2.0,0.0,75000.0,1.0,2.0,25.0,25.71,0.0,50.5,43.0,33.0
384,7200.0,36.0,15.27,4.0,2.0,54990.0,0.0,2.0,33.0,20.95,0.0,96.0,24.0,10.0
385,18000.0,60.0,11.71,0.5,2.0,40000.0,1.0,2.0,3.0,18.18,0.0,68.8,12.0,12.0
386,23000.0,36.0,7.9,2.0,0.0,72214.41764880106,1.0,2.0,33.0,8.13,0.0,60.8,37.0,20.0
387,20000.0,60.0,16.77,10.0,2.0,60000.0,0.0,2.0,4.0,9.46,0.0,41.0,30.0,16.0
388,7000.0,36.0,8.9,1.0,2.0,46000.0,0.0,1.0,35.0,7.9,0.0,76.5,18.0,9.0
389,21000.0,36.0,12.69,8.0,0.0,69566.37027964389,0.0,2.0,26.0,8.52,0.0,63.0,24.0,11.0
390,8250.0,36.0,7.51,5.924591842379991,0.0,31500.0,0.0,2.0,16.0,17.87,0.0,10.4,37.0,30.0
391,13000.0,36.0,9.91,10.0,2.0,65000.0,0.0,1.0,4.0,8.82,0.0,75.9,18.0,10.0
392,18000.0,36.0,6.62,2.0,0.0,78000.0,2.0,2.0,33.0,6.35,0.0,25.0,13.0,19.0
393,7200.0,36.0,6.03,5.0,0.0,60000.0,2.0,1.792646914768942,3.0,2.54,0.0,6.0,20.0,15.0
394,16500.0,36.0,8.9,10.0,2.0,48000.0,2.0,1.0,34.0,13.1,0.0,87.1,25.0,11.0
395,8125.0,36.0,7.9,0.5,2.0,25000.0,2.0,2.0,11.0,24.34,0.0,63.6,21.0,12.0
396,18800.0,36.0,7.51,3.0,0.0,82000.0,0.0,2.0,4.0,13.76,1.0,17.3,24.0,23.0
397,26800.0,36.0,19.03,10.0,0.0,82000.0,1.0,1.0,4.0,21.59,0.0,98.0,31.0,30.0
398,19200.0,36.0,7.9,5.0,0.0,42000.0,0.0,2.0,27.0,19.66,0.0,72.2,24.0,11.0
399,12875.0,60.0,17.58,3.0,2.0,27600.0,0.0,2.0,4.0,18.7,0.0,86.1,7.0,10.0
400,4000.0,36.0,12.42,5.0,0.0,38000.0,2.0,1.0,26.0,19.64,0.0,52.7,16.0,9.0
401,4000.0,36.0,16.29,4.0,2.0,35000.0,2.0,2.0,4.0,9.22,0.0,83.5,13.0,8.0
402,12000.0,36.0,9.91,10.0,1.0,33000.0,2.0,1.0,4.0,18.8,0.0,74.9,10.0,21.0
403,2625.0,36.0,11.71,10.0,0.0,52800.0,2.0,1.5725576396583052,24.0,14.52,0.0,65.2,21.0,8.0
404,7000.0,36.0,9.91,10.0,2.0,73882.0,2.0,2.0,29.0,11.45,0.0,38.1,10.0,18.0
405,11300.0,36.0,12.69,7.0,0.0,36000.0,2.0,1.0,8.0,16.33,0.0,74.7,22.0,13.0
406,4000.0,36.0,9.91,10.0,0.0,47072.17223409571,1.0,2.0,4.0,10.05,0.0,85.0,22.0,14.0
407,8000.0,36.0,6.03,10.0,0.0,57200.0,2.0,2.0,31.0,4.72,0.0,6.8,47.0,18.0
408,14400.0,36.0,18.25,5.0,2.0,51871.0,0.0,2.0,30.0,7.82,0.0,79.3,9.0,5.0
409,4375.0,36.0,12.42,2.0,1.0,15000.0,0.0,2.0,4.0,13.92,0.0,74.9,5.0,5.0
410,4100.0,36.0,7.51,9.0,0.0,70197.0,2.0,1.0,14.0,6.58,0.0,72.1,12.0,10.0
411,6000.0,36.0,8.9,7.0,2.0,47000.0,0.0,1.7167904297808516,26.0,14.43,0.0,31.4,14.0,16.0
412,4000.0,36.0,6.62,6.0,0.0,120000.0,1.0,3.0,21.0,3.89,0.0,24.4,31.0,14.0
413,3000.0,36.0,10.65,10.0,0.0,86004.0,2.0,1.5491295413982389,22.0,13.37,0.0,64.6,35.0,14.0
414,5400.0,36.0,12.69,10.0,0.0,75000.0,2.0,0.0,33.0,8.8,0.0,68.7,33.0,19.0
415,15000.0,36.0,16.29,1.0,2.0,110000.0,0.0,1.6112234513343198,33.0,21.99,2.0,84.1,24.0,13.0
416,20000.0,60.0,18.64,3.0,0.0,80000.0,1.0,2.0,3.0,23.47,0.0,88.5,13.0,10.0
417,10400.0,36.0,12.69,4.0,2.0,44000.0,1.0,1.0,4.0,19.91,0.0,90.1,21.0,9.0
418,4500.0,60.0,17.58,7.0,0.0,51600.0,1.0,2.0,37.0,22.63,0.0,67.7,13.0,7.0
419,11500.0,36.0,12.42,0.5,2.0,38500.0,1.0,1.0,7.0,13.06,0.0,89.6,15.0,7.0
420,10000.0,36.0,6.62,4.0,2.0,75000.0,0.0,3.0,8.0,24.85,0.0,5.9,40.0,12.0
421,18225.0,60.0,13.49,10.0,0.0,37320.0,0.0,2.0,9.0,20.8,0.0,74.4,12.0,10.0
422,3600.0,36.0,8.9,10.0,2.0,55000.0,2.0,2.0,25.0,5.48,0.0,65.9,18.0,9.0
423,18500.0,60.0,11.71,2.0,2.0,100000.0,0.0,1.8746568174284592,4.0,0.72,0.0,10.4,10.0,8.0
424,16800.0,60.0,18.25,10.0,0.0,70000.0,0.0,1.0,5.0,21.5,0.0,38.4,18.0,12.0
425,10000.0,36.0,17.27,8.0,2.0,68000.0,2.0,2.0,20.0,17.15,0.0,92.5,16.0,9.0
426,15000.0,36.0,18.25,10.0,0.0,66000.0,2.0,2.0,4.0,8.49,2.0,89.1,28.0,23.0
427,8000.0,36.0,11.71,8.0,2.0,85000.0,1.0,1.6972257053684203,22.0,10.22,0.0,35.7,29.0,9.0
428,25000.0,60.0,16.77,1.0,2.0,83004.0,0.0,2.0,4.0,13.66,0.0,82.9,19.0,14.0
429,16000.0,36.0,7.9,1.0,2.0,51000.0,1.0,2.0,3.0,24.66,0.0,81.0,28.0,19.0
430,8000.0,36.0,10.65,2.0,2.0,55000.0,1.0,2.0,4.0,11.56,0.0,15.7,10.0,12.0
431,7200.0,36.0,7.51,10.0,0.0,47000.0,1.0,2.0,35.0,19.74,0.0,83.5,32.0,13.0
432,12000.0,36.0,7.51,4.0,2.0,86000.0,1.0,2.0,4.0,13.3,0.0,51.8,25.0,9.0
433,2200.0,36.0,15.27,10.0,1.0,48000.0,2.0,2.0,33.0,5.47,0.0,83.7,7.0,11.0
434,28000.0,60.0,12.42,4.0,0.0,85000.0,1.0,2.0,29.0,15.87,0.0,58.7,31.0,16.0
435,6000.0,36.0,7.51,2.0,0.0,50000.0,0.0,2.0,2.0,23.86,0.0,62.4,23.0,11.0
436,8000.0,60.0,8.9,1.0,2.0,51204.0,2.0,2.0,25.0,25.12,0.0,37.6,40.0,24.0
437,14400.0,36.0,15.27,2.0,2.0,42996.0,2.0,2.0,25.0,0.98,0.0,7.7,3.0,3.0
438,20000.0,60.0,19.03,5.0,2.0,60000.0,0.0,1.0,4.0,18.06,0.0,97.4,28.0,17.0
439,14050.0,36.0,8.9,3.0,0.0,120000.0,0.0,1.7536714874789825,25.0,2.21,0.0,18.8,13.0,5.0
440,6000.0,36.0,13.49,10.0,1.0,62691.0,2.0,1.501212285231669,1.0,3.16,0.0,94.4,19.0,17.0
441,35000.0,60.0,20.3,3.0,1.0,85000.0,0.0,2.0,8.0,16.39,0.0,76.5,40.0,27.0
442,10525.0,36.0,7.9,4.0,2.0,49668.0,1.0,2.0,4.0,7.27,0.0,68.9,9.0,9.0
443,7200.0,36.0,15.96,2.0,2.0,30000.0,1.0,2.0,22.0,5.2,0.0,94.2,7.0,12.0
444,18500.0,60.0,10.65,10.0,1.0,40000.0,0.0,2.0,10.0,26.34,0.0,0.1,27.0,15.0
445,12000.0,36.0,13.49,10.0,0.0,40000.0,0.0,2.0,2.0,16.2,0.0,74.4,27.0,15.0
446,12000.0,36.0,11.71,5.0,0.0,100000.0,2.0,1.0,11.0,6.58,0.0,79.6,11.0,7.0
447,3000.0,36.0,11.71,2.0,2.0,56312.0,2.0,1.5082697812400605,35.0,16.03,0.0,83.4,13.0,9.0
448,9500.0,36.0,16.29,10.0,2.0,54011.0,1.0,2.0,4.0,18.51,0.0,79.5,40.0,12.0
449,19775.0,36.0,12.42,2.0,2.0,49110.32,0.0,2.0,4.0,17.57,0.0,61.1,15.0,13.0
450,12000.0,60.0,14.65,0.5,2.0,75000.0,0.0,1.0,10.0,16.13,0.0,89.4,28.0,11.0
451,28000.0,60.0,14.27,7.0,0.0,95000.0,0.0,2.0,37.0,9.46,0.0,68.1,29.0,11.0
452,30000.0,36.0,12.42,2.0,2.0,80000.0,0.0,2.0,38.0,22.23,0.0,94.0,33.0,11.0
453,16000.0,36.0,10.65,9.0,0.0,55000.0,0.0,2.0,4.0,13.33,0.0,89.7,19.0,9.0
454,14500.0,36.0,14.65,8.0,2.0,90000.0,0.0,1.0,16.0,5.24,0.0,46.7,28.0,10.0
455,11700.0,60.0,14.65,3.0,2.0,68500.0,0.0,1.0,35.0,18.17,0.0,39.8,21.0,6.0
456,4150.0,36.0,10.65,4.0,2.0,100000.0,2.0,2.0,4.0,1.99,0.0,25.0,8.0,13.0
457,24000.0,36.0,16.77,6.0,2.0,70000.0,0.0,1.0,4.0,12.57,0.0,91.2,13.0,7.0
458,21250.0,36.0,12.42,5.0,2.0,37000.0,0.0,1.842043060781136,22.0,14.27,0.0,69.3,21.0,11.0
459,10000.0,36.0,14.27,10.0,1.0,75000.0,1.0,2.0,2.0,13.46,0.0,71.3,18.0,16.0
460,25000.0,60.0,18.25,0.5,0.0,75000.0,0.0,2.0,4.0,10.58,0.0,72.0,29.0,14.0
461,4000.0,36.0,15.96,6.0,2.0,39000.0,1.0,2.0,24.0,21.91,0.0,93.5,15.0,5.0
462,15000.0,36.0,11.71,0.5,2.0,60000.0,2.0,2.0,25.0,8.86,0.0,70.8,15.0,9.0
463,15000.0,60.0,17.58,3.0,0.0,110000.0,0.0,3.0,34.0,12.36,0.0,81.2,10.0,6.0
464,3600.0,36.0,15.96,3.0,2.0,40000.0,1.0,1.621784564662834,25.0,12.78,0.0,52.2,6.0,3.0
465,6000.0,60.0,19.03,5.0,1.0,31000.0,0.0,2.0,4.0,20.13,0.0,93.0,14.0,8.0
466,15000.0,36.0,15.27,10.0,2.0,60000.0,0.0,2.0,25.0,10.72,0.0,75.2,18.0,9.0
467,12000.0,60.0,18.25,3.0,2.0,43000.0,0.0,1.0,4.0,15.24,0.0,45.4,14.0,5.0
468,12375.0,36.0,7.51,6.0,2.0,42000.0,2.0,2.0,16.0,28.06,0.0,52.1,34.0,10.0
469,4000.0,36.0,12.69,6.0,2.0,30000.0,2.0,3.0,8.0,17.6,0.0,5.5,20.0,15.0
470,13000.0,36.0,10.65,10.0,0.0,50000.0,2.0,2.0,8.0,20.11,0.0,40.6,15.0,13.0
471,5000.0,36.0,6.62,1.0,0.0,39396.0,1.0,3.0,9.0,8.16,0.0,18.5,30.0,11.0
472,5000.0,36.0,15.96,7.0,1.0,98000.0,1.0,1.0,4.0,19.63,0.0,53.3,14.0,9.0
473,26000.0,36.0,11.71,10.0,2.0,62500.0,0.0,1.0,27.0,16.55,0.0,94.8,16.0,11.0
474,4000.0,60.0,19.91,10.0,2.0,45000.0,1.0,1.7252760018548665,29.0,15.2,0.0,22.4,11.0,15.0
475,8000.0,36.0,7.9,10.0,2.0,32400.0,2.0,2.0,4.0,7.56,0.0,34.1,15.0,10.0
476,1700.0,36.0,7.9,6.523966881111567,0.0,37800.0,2.0,3.0,5.0,27.0,0.0,91.2,27.0,32.0
477,16000.0,36.0,9.91,10.0,2.0,50000.0,2.0,2.0,29.0,15.1,0.0,66.2,26.0,18.0
478,20000.0,60.0,9.91,10.0,0.0,114996.0,0.0,2.0,25.0,11.19,0.0,15.4,20.0,11.0
479,12000.0,36.0,14.65,6.0,2.0,54400.0,0.0,2.0,37.0,13.81,0.0,60.2,33.0,13.0
480,7000.0,36.0,11.71,7.0,0.0,72800.0,0.0,1.0,16.0,24.64,0.0,84.1,33.0,11.0
481,8000.0,60.0,20.3,1.0,2.0,42500.0,1.0,2.0,9.0,14.23,0.0,95.0,24.0,7.0
482,13000.0,36.0,16.29,10.0,2.0,28000.0,1.0,2.0,21.0,12.9,0.0,93.3,8.0,10.0
483,20000.0,60.0,21.28,2.0,1.0,120000.0,0.0,2.0,18.0,16.72,0.0,75.5,43.0,13.0
484,18000.0,36.0,13.49,8.0,0.0,96000.0,0.0,2.0,6.0,16.4,0.0,46.6,37.0,24.0
485,10000.0,36.0,16.29,3.0,2.0,83200.0,1.0,1.0,37.0,17.03,0.0,92.0,15.0,6.0
486,22250.0,60.0,15.27,8.0,2.0,45000.0,0.0,2.0,19.0,23.07,0.0,77.7,23.0,12.0
487,24000.0,60.0,17.58,5.0,2.0,68809.0,0.0,2.0,8.0,21.29,0.0,25.3,20.0,6.0
488,11200.0,36.0,12.42,3.0,2.0,75000.0,2.0,0.0,4.0,22.88,0.0,74.4,13.0,15.0
489,7000.0,36.0,10.65,3.0,2.0,52000.0,2.0,1.5369534667831664,25.0,18.16,0.0,94.8,13.0,8.0
490,8000.0,36.0,6.03,6.0,2.0,57600.0,1.0,1.7713545406551667,4.0,11.52,0.0,12.4,12.0,40.0
491,22500.0,60.0,16.77,4.0,2.0,48500.0,0.0,1.0,4.0,10.91,0.0,84.5,12.0,19.0
492,12000.0,36.0,17.27,2.0,2.0,95000.0,2.0,2.0,9.0,11.1,0.0,88.5,19.0,5.0
493,22000.0,36.0,14.65,0.5,2.0,58000.0,0.0,2.0,11.0,12.1,0.0,92.3,28.0,8.0
494,6200.0,36.0,10.65,10.0,0.0,24000.0,2.0,1.0,0.0,19.95,0.0,55.2,11.0,10.0
495,15900.0,36.0,9.91,9.0,0.0,58000.0,2.0,2.0,35.0,21.72,0.0,64.5,15.0,11.0
496,5000.0,36.0,8.9,6.539618117795008,0.0,70000.0,1.0,1.6273939621645088,4.0,16.17,1.0,53.0,32.0,28.0
497,16000.0,36.0,6.62,3.0,0.0,104000.0,2.0,1.8653911638212028,15.0,2.78,0.0,3.2,24.0,15.0
498,5000.0,36.0,11.71,4.0,2.0,35000.0,2.0,0.0,4.0,4.01,0.0,61.8,3.0,5.0
499,3150.0,36.0,15.27,5.0,2.0,53000.0,1.0,1.668652291211432,29.0,4.37,0.0,28.2,10.0,5.0
500,12000.0,36.0,14.27,2.0,2.0,28000.0,1.0,1.0,4.0,8.49,0.0,68.5,10.0,4.0
501,28000.0,36.0,7.9,4.0,0.0,118000.0,0.0,3.0,11.0,5.29,0.0,24.8,23.0,16.0
502,5000.0,36.0,12.42,0.5,2.0,40000.0,2.0,1.5843190600935038,8.0,22.59,0.0,82.3,26.0,14.0
503,3000.0,36.0,9.91,4.434760630266339,0.0,42000.0,2.0,1.6572278930633522,18.0,4.29,0.0,33.3,3.0,6.0
504,3000.0,36.0,7.9,10.0,0.0,65000.0,2.0,1.4873531744357413,37.0,4.89,0.0,85.3,18.0,17.0
505,8400.0,36.0,6.62,2.0,2.0,25000.0,1.0,2.0,4.0,11.86,0.0,36.1,19.0,6.0
506,7000.0,36.0,10.65,10.0,0.0,36000.0,0.0,2.0,4.0,24.0,0.0,72.8,23.0,14.0
507,2000.0,36.0,9.91,1.0,0.0,44427.99791979141,1.0,1.5170442412916636,9.0,11.43,0.0,93.5,43.0,31.0
508,8575.0,36.0,17.58,4.752371692691702,0.0,32000.0,0.0,2.0,8.0,22.54,0.0,89.9,5.0,7.0
509,28000.0,60.0,12.42,8.0,0.0,84996.0,0.0,2.0,9.0,23.41,0.0,44.2,40.0,13.0
510,10000.0,36.0,7.9,6.0,2.0,66000.0,2.0,2.0,28.0,12.42,0.0,89.4,24.0,15.0
511,25000.0,36.0,19.42,2.0,0.0,92000.0,0.0,1.0,14.0,21.68,0.0,84.5,38.0,13.0
512,8000.0,36.0,11.71,10.0,2.0,70000.0,2.0,1.0,4.0,20.21,0.0,92.1,22.0,6.0
513,16000.0,60.0,18.25,10.0,0.0,49000.0,0.0,1.0,26.0,18.39,0.0,94.5,23.0,10.0
514,25000.0,36.0,11.71,8.0,0.0,76896.0,0.0,2.0,8.0,13.9,0.0,76.0,33.0,11.0
515,2000.0,36.0,9.91,10.0,2.0,24000.0,2.0,1.5895612475936929,11.0,13.5,0.0,64.2,10.0,12.0
516,16800.0,36.0,14.65,2.0,2.0,60000.0,0.0,1.0,33.0,14.52,0.0,96.9,14.0,8.0
517,8000.0,36.0,8.9,3.0,0.0,120000.0,2.0,1.0,4.0,10.52,0.0,60.6,15.0,11.0
518,12000.0,60.0,12.69,9.0,0.0,57000.0,2.0,2.0,6.0,19.71,0.0,66.3,13.0,6.0
519,11000.0,36.0,7.9,4.0,0.0,80000.0,2.0,1.0,3.0,4.74,0.0,77.7,15.0,12.0
520,5000.0,36.0,16.29,6.0,0.0,85000.0,1.0,1.4829225025584811,37.0,22.81,0.0,90.0,17.0,7.0
521,18000.0,36.0,16.29,10.0,1.0,65595.07427390692,0.0,2.0,33.0,21.8,0.0,90.2,35.0,11.0
522,10000.0,36.0,12.69,6.0,1.0,36000.0,0.0,2.0,4.0,15.9,0.0,65.3,10.0,5.0
523,5000.0,36.0,9.91,0.5,2.0,70000.0,1.0,1.0,26.0,13.92,0.0,64.3,23.0,21.0
524,10000.0,36.0,16.29,4.0,2.0,51360.0,1.0,1.0,25.0,16.61,0.0,79.1,9.0,4.0
